{
  "notebook": "05a_v2_lstm.ipynb",
  "overall": {
    "rmse_lstm_overall": 0.42980156362971433,
    "rmse_har_overall": 0.39217832098855554,
    "rmse_ensemble_overall": 0.38151872281033217,
    "bias_ensemble_overall": 0.038027228655093594,
    "n_predictions": 2153636,
    "n_tickers": 613,
    "n_folds": 224,
    "n_lstm_sig_dm": 25,
    "n_har_sig_dm": 144,
    "n_neutral_dm": 444
  },
  "period_stats": {
    "P1 (2010-2014)": {
      "n": 624996.0,
      "corr": 0.7134714080646147,
      "rmse": 0.378844798893534,
      "y_true_mean": -4.228149361768072,
      "y_pred_mean": -4.104030517120302
    },
    "P2 (2015-2018)": {
      "n": 533712.0,
      "corr": 0.6589439947167179,
      "rmse": 0.377397203826268,
      "y_true_mean": -4.256465297719965,
      "y_pred_mean": -4.251465467833551
    },
    "P3 (2019-2020)": {
      "n": 279869.0,
      "corr": 0.6486009073292744,
      "rmse": 0.47679695862047194,
      "y_true_mean": -3.9596506570945547,
      "y_pred_mean": -4.015776617559877
    },
    "P4 (2021-2022)": {
      "n": 286556.0,
      "corr": 0.7219023947123225,
      "rmse": 0.31521168603463817,
      "y_true_mean": -3.970753553197348,
      "y_pred_mean": -3.9778307644588544
    },
    "P5 (2023-2025)": {
      "n": 428503.0,
      "corr": 0.6673219347200455,
      "rmse": 0.3604163457763576,
      "y_true_mean": -4.076804240674688,
      "y_pred_mean": -4.031552534726895
    }
  }
}