{
  "notebook": "05a_v2_weighting.ipynb",
  "scenarios": [
    "BL_ml_sw_mcap",
    "BL_ml_sw_eq",
    "BL_ml_sw_rp",
    "BL_trailing_mcap",
    "BL_trailing_eq",
    "BL_trailing_rp"
  ],
  "metrics_full": {
    "BL_ml_sw_mcap": {
      "sharpe": 1.082358078422097,
      "cagr": 12.573423653479932,
      "ann_vol": 11.612409881377076,
      "mdd": -18.288412707881452,
      "capm_alpha": 14.404380598297193,
      "capm_beta": -0.13127172057827702,
      "information_ratio": -0.10152447418894638,
      "sortino": 1.6586959070744272,
      "hit_rate": 64.58333333333334,
      "cvar_5": -6.570886230055003
    },
    "BL_ml_sw_eq": {
      "sharpe": 1.1400381275822087,
      "cagr": 12.738399805678258,
      "ann_vol": 11.10782843808813,
      "mdd": -16.86055985386542,
      "capm_alpha": 14.2554211757609,
      "capm_beta": -0.11211939295936958,
      "information_ratio": -0.09744422634835961,
      "sortino": 1.7347882066413387,
      "hit_rate": 64.58333333333334,
      "cvar_5": -6.375951178986799
    },
    "BL_ml_sw_rp": {
      "sharpe": 1.1348452742387578,
      "cagr": 12.641235412755968,
      "ann_vol": 11.07926239939749,
      "mdd": -16.727562418713127,
      "capm_alpha": 14.177954384947554,
      "capm_beta": -0.11354811604264363,
      "information_ratio": -0.10252241136880673,
      "sortino": 1.7315336549213813,
      "hit_rate": 65.10416666666666,
      "cvar_5": -6.370805308971245
    },
    "BL_trailing_mcap": {
      "sharpe": 1.2028367768179709,
      "cagr": 13.914537423685536,
      "ann_vol": 11.426959705936172,
      "mdd": -16.70935196405292,
      "capm_alpha": 15.476164325816857,
      "capm_beta": -0.12388444090676257,
      "information_ratio": -0.042564220549786196,
      "sortino": 1.9048366154211822,
      "hit_rate": 68.75,
      "cvar_5": -6.490600550453863
    },
    "BL_trailing_eq": {
      "sharpe": 1.161134785293942,
      "cagr": 12.75227339407885,
      "ann_vol": 10.895784480910873,
      "mdd": -15.944178196612436,
      "capm_alpha": 14.287402738664333,
      "capm_beta": -0.11578784553184548,
      "information_ratio": -0.09896467770878234,
      "sortino": 1.8000431227908555,
      "hit_rate": 64.58333333333334,
      "cvar_5": -6.237680545770261
    },
    "BL_trailing_rp": {
      "sharpe": 1.1584252359578888,
      "cagr": 12.71217406433276,
      "ann_vol": 10.889580532707118,
      "mdd": -16.143031580953437,
      "capm_alpha": 14.256254987789655,
      "capm_beta": -0.11647978675191269,
      "information_ratio": -0.10108110943215884,
      "sortino": 1.7910498336844538,
      "hit_rate": 64.58333333333334,
      "cvar_5": -6.228712915217215
    },
    "EqualWeight": {
      "sharpe": 0.8855450662726363,
      "cagr": 13.454417901086568,
      "ann_vol": 15.722895718912087,
      "mdd": -26.784449401163577,
      "capm_alpha": 16.0078002472132,
      "capm_beta": -0.15457632905449809,
      "information_ratio": -0.03305736694123733,
      "sortino": 1.2502311809600484,
      "hit_rate": 66.66666666666666,
      "cvar_5": -9.18347540456966
    },
    "McapWeight": {
      "sharpe": 1.044489086215913,
      "cagr": 14.906925944744675,
      "ann_vol": 14.363326105022653,
      "mdd": -24.371166377239074,
      "capm_alpha": 16.847147891942964,
      "capm_beta": -0.13500460807259818,
      "information_ratio": 0.017199420911094797,
      "sortino": 1.53734956653809,
      "hit_rate": 67.1875,
      "cvar_5": -8.3569589181069
    },
    "SPY": {
      "sharpe": 1.013331769671597,
      "cagr": 14.360375128297576,
      "ann_vol": 14.324526723210152,
      "mdd": -23.927178782308044,
      "capm_alpha": -1.2490009027033011e-14,
      "capm_beta": 0.9999999999999992,
      "information_ratio": -1.2808589244436173,
      "sortino": 1.5098244527771874,
      "hit_rate": 69.10994764397905,
      "cvar_5": -8.365106303694745
    }
  },
  "metrics_oos": {
    "BL_ml_sw_mcap": {
      "sharpe": 1.0748475024887376,
      "cagr": 12.76559179345329,
      "ann_vol": 11.882842761998381,
      "mdd": -18.288412707881452,
      "capm_alpha": 14.822781048380845,
      "capm_beta": -0.1480058006179481,
      "information_ratio": -0.08097540514706406,
      "sortino": 1.658061590427747,
      "hit_rate": 65.0,
      "cvar_5": -6.811081772016454
    },
    "BL_ml_sw_eq": {
      "sharpe": 1.1412026440326206,
      "cagr": 13.032939044365488,
      "ann_vol": 11.351223108147503,
      "mdd": -16.86055985386542,
      "capm_alpha": 14.708267464084997,
      "capm_beta": -0.12475940629242484,
      "information_ratio": -0.07218657687310547,
      "sortino": 1.7313995775132784,
      "hit_rate": 65.0,
      "cvar_5": -6.568478720623625
    },
    "BL_ml_sw_rp": {
      "sharpe": 1.137313423725717,
      "cagr": 12.947147042778063,
      "ann_vol": 11.319593214167604,
      "mdd": -16.727562418713127,
      "capm_alpha": 14.641249294249588,
      "capm_beta": -0.12627126999387697,
      "information_ratio": -0.07666555148595929,
      "sortino": 1.7309308483564367,
      "hit_rate": 65.55555555555556,
      "cvar_5": -6.547154232765977
    },
    "BL_trailing_mcap": {
      "sharpe": 1.224513825549724,
      "cagr": 14.463547513663322,
      "ann_vol": 11.64151015342006,
      "mdd": -16.70935196405292,
      "capm_alpha": 16.183740368029643,
      "capm_beta": -0.13916034640195543,
      "information_ratio": -0.008124739787474116,
      "sortino": 1.9238723510188305,
      "hit_rate": 68.88888888888889,
      "cvar_5": -6.7359156944748575
    },
    "BL_trailing_eq": {
      "sharpe": 1.1629175783785348,
      "cagr": 13.039034364519653,
      "ann_vol": 11.120849767915626,
      "mdd": -15.944178196612436,
      "capm_alpha": 14.709022566826087,
      "capm_beta": -0.12700647155008837,
      "information_ratio": -0.0741762924438619,
      "sortino": 1.793838265485537,
      "hit_rate": 65.0,
      "cvar_5": -6.448326686045439
    },
    "BL_trailing_rp": {
      "sharpe": 1.162126176151333,
      "cagr": 13.015820222335872,
      "ann_vol": 11.109383592176096,
      "mdd": -16.143031580953437,
      "capm_alpha": 14.690241689233025,
      "capm_beta": -0.1275671807543373,
      "information_ratio": -0.07553793997920603,
      "sortino": 1.785749240165606,
      "hit_rate": 65.0,
      "cvar_5": -6.434006548435849
    },
    "EqualWeight": {
      "sharpe": 0.8912284184958882,
      "cagr": 13.877924385062169,
      "ann_vol": 16.1151738609499,
      "mdd": -26.784449401163577,
      "capm_alpha": 16.652934480674585,
      "capm_beta": -0.17129269768578692,
      "information_ratio": -0.0066735546604721275,
      "sortino": 1.2667825917769888,
      "hit_rate": 67.22222222222223,
      "cvar_5": -9.485162868416944
    },
    "McapWeight": {
      "sharpe": 1.0337455248411984,
      "cagr": 14.95191816250614,
      "ann_vol": 14.58094334595904,
      "mdd": -24.371166377239074,
      "capm_alpha": 17.170654838807774,
      "capm_beta": -0.154685580434758,
      "information_ratio": 0.027102408092652186,
      "sortino": 1.5389748444417615,
      "hit_rate": 67.77777777777779,
      "cvar_5": -8.58795112298703
    },
    "SPY": {
      "sharpe": 0.9866620953173267,
      "cagr": 14.138669284397064,
      "ann_vol": 14.544543770584745,
      "mdd": -23.927178782308044,
      "capm_alpha": -1.2490009027033011e-14,
      "capm_beta": 0.9999999999999991,
      "information_ratio": -1.2970310469537076,
      "sortino": 1.4824264635286444,
      "hit_rate": 68.71508379888269,
      "cvar_5": -8.586000136835867
    }
  },
  "metrics_holdout": {
    "BL_ml_sw_mcap": {
      "sharpe": 1.454554524741076,
      "cagr": 9.729888482457238,
      "ann_vol": 6.542836436194813,
      "mdd": -4.597299471067318,
      "capm_alpha": 3.584333828578651,
      "capm_beta": 0.34946914890248737,
      "information_ratio": -0.838787028361345,
      "sortino": 2.3145565334854394,
      "hit_rate": 58.333333333333336,
      "cvar_5": -2.5283328415701902
    },
    "BL_ml_sw_eq": {
      "sharpe": 1.2545125952883758,